id;amount;note;status;order_date;create_at;update_at
1;25688;payment Sleek Wooden Chips;DEPOSIT;2019-06-04T06:29:54;2019-06-04T06:57:42;2019-06-04T13:28:41
2;44271;Roads feed;DEPOSIT;2019-06-04T20:06:01;2019-06-04T03:31:59;2019-06-04T20:40:59
3;60321;front-end Product bypass;DEPOSIT;2019-06-04T01:43:17;2019-06-04T08:53:02;2019-06-04T18:34:37
4;40118;one-to-one;DEPOSIT;2019-06-04T21:33:32;2019-06-04T07:06:41;2019-06-04T03:58:24
5;6993;payment;DEPOSIT;2019-06-04T07:33:39;2019-06-04T06:51:31;2019-06-04T10:23:27
6;23082;Highway;DEPOSIT;2019-06-03T23:19:21;2019-06-04T14:05:54;2019-06-04T07:17:52
7;36294;Producer Lodge;DEPOSIT;2019-06-04T18:58:28;2019-06-04T07:56:34;2019-06-04T06:37:18
8;75483;Hat;DEPOSIT;2019-06-04T05:02:02;2019-06-04T23:09:07;2019-06-04T14:50:24
9;30085;Consultant Via;DEPOSIT;2019-06-04T19:31:25;2019-06-04T22:42:04;2019-06-03T23:21:44
10;73718;generate Switchable Kyat;DEPOSIT;2019-06-04T21:02:34;2019-06-04T04:16:20;2019-06-04T05:03:19
